Name ,Address,HospitalID ,Capacity 
Mateos,0310 Old Shore Lane,1,1672
Whitehorne,61982 Hudson Crossing,2,1483
Flucker,46 Monica Pass,3,1692
Antley,61623 Schurz Center,4,2780
Feavyour,416 Russell Street,5,1533
Galey,21 Lake View Point,6,2040
Klimas,10861 Linden Place,7,2377
Dunlap,73 Stang Hill,8,1434
Girth,63 Duke Alley,9,1420
Ballentime,7233 Sunbrook Circle,10,2876
Stidever,8 Bowman Center,11,1823
Collick,97370 Sutherland Crossing,12,1211
Fewlass,39926 Trailsway Drive,13,1346
Josilowski,3 Pepper Wood Junction,14,1288
Gioan,502 Caliangt Way,15,2819
Seif,3 Saint Paul Court,16,2992
Flahy,86697 Parkside Drive,17,1967
Cometson,24342 Jay Drive,18,1254
Wright,87 Dovetail Drive,19,2937
Denley,95329 Dapin Place,20,2625
Moggie,869 Norway Maple Place,21,2949
Filippucci,8 Crownhardt Junction,22,2481
M'Quharg,73 Bayside Junction,23,2513
Attwooll,6999 Cascade Place,24,2201
Yerborn,3 Pleasure Court,25,1013
Biggins,9 Upham Hill,26,2467
Sturrock,5351 Fairview Junction,27,2531
Red,1 Village Drive,28,1814
Omond,3678 Toban Street,29,2078
Peinke,49806 Ramsey Hill,30,2730
Samuel,3 Buena Vista Terrace,31,2346
Bedells,6 Hoepker Plaza,32,2401
MacGillreich,97091 Bultman Center,33,2354
Alejandre,14285 Sycamore Court,34,2167
Podmore,38174 Hoffman Hill,35,2417
Ciementini,2 Old Shore Street,36,1100
Markushkin,83 Becker Road,37,2047
Holdall,95 Graceland Plaza,38,2356
Timcke,385 Bonner Court,39,2903
Easterling,4253 Mayer Parkway,40,2393
Cheer,803 Blue Bill Park Trail,41,1487
Hatfull,01038 Glacier Hill Crossing,42,2653
Carwardine,30 Springs Street,43,1679
Howie,69 7th Way,44,2323
Meany,638 Park Meadow Pass,45,2916
Halfhyde,43 Kennedy Plaza,46,2486
Peake,4716 Mcbride Lane,47,1557
Wettern,13 Lukken Center,48,1559
Musto,612 Riverside Drive,49,2789
McCaskill,4 Starling Terrace,50,2378
Swedeland,2255 Elmside Plaza,51,1861
Gallihaulk,60 Eagle Crest Hill,52,2187
Tuttiett,0404 Muir Terrace,53,1086
Piller,730 Amoth Plaza,54,1766
Colaco,7805 Loftsgordon Park,55,1984
Frudd,6005 Talisman Way,56,1291
Standering,11 Forest Dale Trail,57,2788
Trye,0 Toban Circle,58,2889
Patman,58 Dexter Junction,59,2148
McCoy,00756 5th Junction,60,1467
Sherr,628 Glendale Crossing,61,1590
Lofting,30896 Hoffman Park,62,1108
Castellino,43 Linden Pass,63,1831
Maloney,66095 Dexter Street,64,2793
Saban,36 Almo Drive,65,1807
Stokey,7 Caliangt Crossing,66,2145
Chamberlayne,2 Barby Road,67,1583
Attoe,2126 Sullivan Drive,68,1065
Bellingham,64181 Park Meadow Place,69,2147
Tithecote,85 Emmet Road,70,1316
Durman,6 Eagle Crest Hill,71,2487
Coon,0403 Oak Road,72,1834
Faux,7 Loftsgordon Lane,73,1402
Lory,8065 Warner Lane,74,1410
Arkill,61023 Commercial Drive,75,1890
Curneen,55303 Melvin Hill,76,1792
Waren,532 Katie Hill,77,2726
Chewter,1 Butternut Terrace,78,1764
McKeurtan,7 Forest Run Circle,79,1151
Alejandri,97 Mifflin Road,80,1561
Gras,00239 Jana Place,81,2942
Ivanishev,0653 Eggendart Way,82,2453
Polglaze,4 Declaration Avenue,83,1365
Stivens,28 Montana Drive,84,1146
Belk,6 South Road,85,2604
Klulicek,8 Mallory Terrace,86,2889
Castelyn,40296 Emmet Street,87,1792
Bouchard,5 Ronald Regan Pass,88,2960
Llewellin,07 Farmco Court,89,2152
Ranns,40 Northport Circle,90,1620
Fairchild,677 Dennis Way,91,2870
Porch,74086 Mosinee Court,92,2154
Harnes,1 Mitchell Pass,93,2951
Faers,5 Springview Way,94,1629
Rubenchik,0 Buena Vista Plaza,95,1463
Allix,7135 Daystar Avenue,96,2091
Charville,84 Sommers Hill,97,2593
Pierce,1 Nevada Court,98,1379
Simoneschi,201 Daystar Street,99,1880
Stripp,549 Anthes Alley,100,2676
Dominichetti,94 Gerald Junction,101,2242
Carlens,99559 Northland Pass,102,1786
McKennan,72 Scofield Road,103,1707
Smythin,5 Sunfield Way,104,1780
MacCaughan,48 Victoria Drive,105,1203
Mordecai,8 Green Ridge Parkway,106,2194
Ridel,60030 Karstens Place,107,1046
Barwood,5980 Hoard Pass,108,2394
Taysbil,35 Derek Pass,109,2818
Matthisson,20950 Huxley Hill,110,2570
Attac,16 Doe Crossing Drive,111,1045
Borit,6 Moose Pass,112,2037
Pamphilon,9 Thompson Street,113,2920
Manzell,78 Eggendart Hill,114,2104
Cawsby,4384 Mcbride Place,115,2575
Serck,914 Katie Terrace,116,1576
Springtorpe,907 Cambridge Pass,117,1253
Wincott,6 Old Gate Court,118,2107
Towll,84709 Mcguire Crossing,119,1834
Padilla,959 Waxwing Alley,120,1453
MacCafferty,541 Sunbrook Drive,121,1380
Mansour,8 Ramsey Hill,122,2158
Doylend,26 Summer Ridge Crossing,123,2395
Naismith,079 Hauk Point,124,1526
Dugdale,030 Summit Hill,125,2500
Mitro,7870 Ronald Regan Plaza,126,1876
Branwhite,9 Maple Wood Plaza,127,2275
Sackur,51 Farragut Crossing,128,1325
Mably,247 Red Cloud Terrace,129,1020
Elham,0 Autumn Leaf Circle,130,1850
Worwood,65 Clove Alley,131,2926
Budgey,4924 Vidon Center,132,2841
Beringer,6965 Stuart Way,133,1679
Dechelette,0169 Crownhardt Hill,134,1157
Tampion,5 Lighthouse Bay Lane,135,1640
Gwyllt,9075 Sutteridge Avenue,136,1325
Josling,36046 Sutherland Alley,137,1479
Lesek,1359 Ohio Park,138,2356
McBoyle,3 Little Fleur Trail,139,2533
Leynham,64 Glendale Hill,140,2157
Gummow,5594 Grasskamp Parkway,141,1635
Deesly,78101 Debra Trail,142,2546
Berndsen,77 Bobwhite Way,143,1771
King,4 Goodland Circle,144,2744
Gauld,748 Jackson Avenue,145,2281
Fraczkiewicz,704 Mosinee Drive,146,2422
Spreull,16406 Florence Drive,147,2540
Mugford,619 Dorton Plaza,148,2682
Spain,2 Shasta Drive,149,2196
Clayal,3 Gerald Alley,150,2846
Frosdick,405 Forest Dale Crossing,151,2037
Askaw,9 Bunker Hill Road,152,2412
Hartwright,1 Sullivan Lane,153,1996
Godier,90872 North Trail,154,2900
Denes,97034 Oak Crossing,155,1514
Georgius,4 School Road,156,2934
Kropp,21 Jackson Parkway,157,1372
Loughead,9628 Caliangt Lane,158,1033
Arlidge,4 Hintze Pass,159,1331
Kadd,5 Luster Trail,160,2759
Dockwra,4514 Trailsway Park,161,1364
Count,30 Golf View Road,162,2551
Attwater,509 Pennsylvania Point,163,1645
Oliphard,2 Buena Vista Crossing,164,2913
Broadbridge,76626 Brickson Park Center,165,1058
Brucker,858 Chinook Point,166,2052
Pymer,776 Moland Point,167,2097
Felgat,51 Butternut Court,168,2043
Primak,97 Darwin Park,169,2355
Robotham,0 Golf Way,170,2262
MacGorman,02 Barby Plaza,171,2344
Lingley,5461 Gale Crossing,172,1353
Hargitt,091 Eagle Crest Junction,173,2368
Royds,744 Amoth Point,174,1810
MacCracken,8 Hazelcrest Circle,175,1034
Carlisle,0121 Pankratz Junction,176,2093
Cradick,708 Hoard Alley,177,2306
Poundford,41043 Westport Street,178,2822
MacCardle,25 Roxbury Drive,179,2091
Petrolli,7 Anniversary Pass,180,1070
Madill,5 Washington Park,181,2694
Schohier,79168 Messerschmidt Road,182,1049
Rolf,14716 Nelson Drive,183,2928
Bellhanger,73 Glendale Pass,184,1691
Simcock,42 Havey Alley,185,2589
Kirgan,3 Schiller Center,186,1345
Elsy,929 David Avenue,187,2979
Stiddard,716 Mcguire Hill,188,2198
Brashier,6845 Northport Pass,189,2009
Cordingley,2 Pearson Way,190,2420
Cawthron,34 Miller Terrace,191,2440
Skirving,7 Rutledge Circle,192,2725
McGrouther,4529 1st Terrace,193,1054
Ivanyushin,860 Crownhardt Park,194,2790
Packwood,77808 Fulton Center,195,2622
Treweela,4855 Packers Center,196,1579
Camis,26 Arizona Place,197,2349
Woodrough,3 Petterle Pass,198,1177
Hellard,8 Havey Drive,199,2233
Poytheras,95 Golf View Drive,200,2595
Larcier,82 Jay Lane,201,1394
Kloster,058 Summer Ridge Avenue,202,2311
Mansford,298 Sullivan Way,203,2625
Pieper,469 Ridgeway Lane,204,1183
Towll,7095 Leroy Lane,205,1942
Olman,5 Kingsford Alley,206,1618
Moyne,12 Browning Center,207,2929
Wilshin,3811 Oak Valley Crossing,208,2985
Fawdry,3518 Marcy Circle,209,1270
Blackston,864 Larry Place,210,2743
Drinan,3 Londonderry Point,211,2837
Dunlop,6329 Brown Alley,212,1693
Rillett,78 Sutherland Street,213,1755
Tathacott,185 Kensington Alley,214,2022
Ceresa,03 Loeprich Place,215,2573
Geratasch,6 Reindahl Street,216,2699
Dearlove,514 Manufacturers Junction,217,2772
Rogger,6 Petterle Parkway,218,1364
Hosburn,8924 Arkansas Place,219,1337
Alpine,22 Butterfield Center,220,1267
Haskey,1257 Waxwing Parkway,221,1480
Duddle,1760 Debra Place,222,1612
Dennerley,1 Cordelia Trail,223,1851
Luckcuck,652 Farwell Hill,224,1367
Pucker,40582 Nelson Point,225,1221
Courage,6 Stephen Hill,226,1332
Grewer,3309 Oakridge Trail,227,1433
Spyby,25 Susan Place,228,2186
Troth,045 Clarendon Park,229,1504
Stronough,67 Michigan Junction,230,1288
Trace,64 Valley Edge Avenue,231,1159
Lubman,45054 Bluejay Way,232,1078
Betser,80 John Wall Park,233,2188
Lewins,64 Carberry Road,234,1333
Cuell,0662 Main Court,235,1653
Krout,40936 Graedel Parkway,236,1894
Costigan,1885 Donald Drive,237,2057
Eivers,50 Hermina Hill,238,2987
Weiner,8005 Namekagon Lane,239,1803
Handslip,23 Victoria Center,240,2597
Loft,990 Green Park,241,2732
Monsey,43985 International Plaza,242,2836
McComiskie,1 Veith Alley,243,1254
Earwicker,5 Homewood Road,244,2762
Bidewel,6582 Surrey Junction,245,2526
McMeyler,61903 Mifflin Place,246,2773
Pedrozzi,00398 Duke Circle,247,2672
Clemintoni,548 Tomscot Center,248,2799
Bassingham,9 Glendale Trail,249,1805
Errowe,107 Sunbrook Street,250,2372
Benbow,8 Northwestern Way,251,1391
Bubbear,02581 Northwestern Crossing,252,1900
Culkin,4 Redwing Circle,253,2904
Souness,58375 Kenwood Avenue,254,1002
Yansons,1518 Elgar Plaza,255,2247
Aldgate,8330 Bluestem Court,256,1192
Spurrier,040 International Plaza,257,2334
Kidstoun,4 Anzinger Way,258,2179
Sweett,9758 Sunbrook Road,259,1257
Brandin,3 Gerald Road,260,2867
Simnor,99907 Kipling Lane,261,2602
Hugnet,320 Mallard Avenue,262,1346
Fairlie,74031 Claremont Terrace,263,2957
Ivanikov,96359 Esker Alley,264,1346
Quince,0 Hovde Circle,265,2918
Zoppie,9030 Glendale Plaza,266,2691
Flewitt,196 Bayside Point,267,2011
Goulbourne,92 Stang Place,268,1879
Elsip,61786 Mcbride Place,269,2019
Stowgill,4 Summerview Alley,270,2326
Copcote,435 Mallory Pass,271,1366
Delmage,37674 Vernon Way,272,1053
Frean,5 Cottonwood Avenue,273,1859
Lanigan,294 Stang Way,274,1551
Blade,17638 Cordelia Crossing,275,2613
Holyland,51724 5th Terrace,276,1636
Sheerin,66 Kim Center,277,1311
Jansa,0806 Declaration Lane,278,2554
Simyson,71139 Main Way,279,1937
Lilion,82 Graceland Lane,280,1757
Luce,1033 Mcbride Center,281,2758
De Bruijne,99279 Nelson Trail,282,1718
Nicklin,0609 Anzinger Lane,283,1697
Carass,9 Fordem Way,284,2718
Dulen,3075 Miller Trail,285,2375
McKevitt,3546 Clove Terrace,286,2945
Isles,133 Fair Oaks Pass,287,1693
Spinozzi,8001 Badeau Terrace,288,2719
Killik,8954 Anderson Plaza,289,1964
McCartan,50 Warbler Trail,290,2144
Lohrensen,05105 Stang Way,291,2175
Lantiffe,5 Rieder Trail,292,1544
Stuckow,08977 Hazelcrest Road,293,1865
Jardine,53054 Welch Lane,294,2370
Fost,9 Swallow Trail,295,1569
Mackieson,60 Gale Pass,296,1677
Simcock,2 Portage Place,297,1509
Aronstein,65 Barnett Way,298,1349
Bassill,341 Service Avenue,299,1364
Rillett,5311 Crest Line Plaza,300,1526
Janjusevic,3 Garrison Point,301,2887
Tootell,1482 Beilfuss Hill,302,1271
Harback,560 Petterle Trail,303,1050
Duligall,1959 Declaration Place,304,2028
Huntriss,70785 Columbus Pass,305,2551
McCullum,9 Golf Avenue,306,2494
Hulance,1 Daystar Junction,307,1389
Ianinotti,118 Roxbury Park,308,1049
Starsmeare,16 Orin Pass,309,1450
Churms,36 Cherokee Street,310,1185
Gandar,674 Toban Parkway,311,2806
Fearnill,30 Sutherland Circle,312,2526
Dibbin,5 Maryland Junction,313,1476
Curnick,76 Randy Hill,314,2907
Cockin,073 Miller Lane,315,1039
O'Murtagh,81745 Redwing Trail,316,1816
Bryde,32899 Tennyson Trail,317,1482
McNaughton,891 Hermina Parkway,318,1871
McPhillimey,73210 Mariners Cove Lane,319,2489
Marzello,35 Village Green Way,320,2006
Lembcke,00434 Surrey Hill,321,2283
Ginty,7635 Oak Center,322,2523
Seely,584 Valley Edge Circle,323,1353
Deeprose,6253 Nevada Circle,324,1737
Jako,12 Arapahoe Hill,325,2215
Gilchrist,7730 Schiller Street,326,1231
Acors,393 Heffernan Point,327,1314
Lerohan,145 Schmedeman Street,328,1668
Philipeaux,6 Namekagon Junction,329,1770
Liccardo,7 Autumn Leaf Plaza,330,2530
Lygoe,34 Stang Park,331,2943
Gianasi,9 American Avenue,332,2877
Mulryan,579 David Way,333,1579
Nevins,9 Eastwood Point,334,2256
Patten,2 Paget Court,335,2271
Brimblecombe,33571 Emmet Place,336,2065
Todhunter,6 Washington Terrace,337,2678
Frammingham,3276 Bonner Avenue,338,1285
Fordy,9311 Gateway Way,339,1457
Grene,00 Doe Crossing Alley,340,2151
Hernik,9153 Mockingbird Center,341,1228
Blackmuir,55645 Summer Ridge Place,342,1965
Schulke,387 Surrey Circle,343,1166
Bellon,4786 Prairieview Lane,344,1043
McCord,5808 Esker Avenue,345,2773
Czyz,506 Sachs Place,346,1933
Insull,08 Arapahoe Street,347,2857
Steuart,7 Spenser Drive,348,2369
Stockney,485 Spohn Center,349,1656
Bucknill,548 Northridge Park,350,2263
Emberson,005 Westerfield Point,351,2055
Philpin,4 Arrowood Hill,352,1187
Kingerby,77187 Cascade Park,353,2418
McWilliams,509 Del Mar Pass,354,1358
McCrainor,003 Center Court,355,2984
Dowbiggin,61447 Norway Maple Lane,356,1468
Borit,3 Mitchell Hill,357,1801
Tows,96585 Redwing Place,358,2602
McTerlagh,31 Grim Point,359,1133
Kibard,49 Scofield Plaza,360,2586
Beazleigh,717 Northridge Point,361,2713
Matussov,9660 Armistice Way,362,2624
Fearnill,3472 Derek Pass,363,2598
Moger,63940 Logan Drive,364,2342
Bawden,7460 Hoard Place,365,1833
Versey,351 David Parkway,366,1813
Pleuman,31 Eagan Center,367,1962
Kluss,6248 International Park,368,1733
Gradly,2 Old Shore Trail,369,2795
Taillant,92443 Holmberg Plaza,370,2447
Duprey,8 Orin Place,371,2940
Reynolds,1 New Castle Park,372,1909
Quick,83 Duke Park,373,2026
Bend,9 Rowland Center,374,1730
Tackley,3 Sugar Pass,375,1859
Mingard,9 Glacier Hill Junction,376,1579
Morfey,6 West Hill,377,2057
Coggin,272 Prairie Rose Park,378,1124
Kitchinghan,8 Lakeland Circle,379,1758
Ferrolli,95 Surrey Street,380,1901
Lippo,503 Union Hill,381,1981
Walkington,0 Blue Bill Park Parkway,382,2164
Bletso,1123 Dorton Alley,383,1896
Gregoratti,44598 Mandrake Crossing,384,1030
Berthouloume,987 2nd Park,385,1980
Kenford,26197 Rigney Parkway,386,1558
Hrus,019 Moulton Junction,387,1823
Vandrill,4 Kenwood Street,388,1243
Strachan,23712 Main Terrace,389,1530
Skews,6 American Plaza,390,2987
Daniau,0298 Johnson Lane,391,2841
Kubicek,7021 Harbort Place,392,1176
Dunton,5313 Morrow Street,393,1525
Collin,13 Fremont Park,394,1790
Fanner,95424 Prentice Junction,395,2045
Callender,68 Maple Wood Plaza,396,2102
O'Fearguise,67 Haas Avenue,397,1146
Pranger,7 Village Crossing,398,1479
Jouhning,40 Forster Park,399,1081
Crystal,9 Hanover Parkway,400,1313
Yakolev,2 Vermont Road,401,2737
Dunican,88200 Packers Point,402,1983
Pesterfield,63249 Talmadge Point,403,1440
Wybourne,85541 Thackeray Parkway,404,1576
MacCambridge,5 Nancy Drive,405,2889
Mattheis,3356 Hoffman Place,406,2942
Copperwaite,2 Florence Park,407,2623
L' Anglois,8 Green Ridge Road,408,1960
Malcolmson,20 Golf Course Point,409,1804
Playhill,64485 Autumn Leaf Center,410,2400
Speakman,1 Bartillon Way,411,1188
MacRonald,3563 Prairieview Plaza,412,1684
Bedin,5 8th Plaza,413,2241
Pallas,92918 Arapahoe Circle,414,1206
Semper,63808 Logan Hill,415,2651
Greenstead,59 8th Hill,416,1973
Wrout,42530 Bartelt Pass,417,2320
Onthank,49 Springs Road,418,1153
Cescon,8239 Ludington Plaza,419,1307
Castellanos,68 Thompson Trail,420,1260
Eamer,71 Manley Lane,421,2064
Kreber,9 Southridge Street,422,2213
Gottschalk,71 Kim Park,423,1813
Mecchi,14 Transport Terrace,424,2003
Norton,9445 Hollow Ridge Pass,425,2694
Haskell,76 Granby Crossing,426,2921
Beacroft,32953 Surrey Street,427,1568
Canet,16 Wayridge Street,428,2212
Noad,5333 Clyde Gallagher Terrace,429,1283
Chettle,12427 Moland Trail,430,1433
Sprague,49276 Redwing Place,431,1163
Pettus,932 Del Mar Center,432,2831
Bernat,00 Mayer Street,433,2898
Ellgood,92929 Emmet Pass,434,2348
Ainsbury,76 Steensland Way,435,2670
Richold,30150 Daystar Road,436,1719
Wroth,1324 Dakota Junction,437,1887
Hanselmann,51102 Division Junction,438,1631
Wych,0561 Mccormick Court,439,1135
Lyston,0800 Clemons Pass,440,2198
Pagnin,85 Saint Paul Hill,441,1286
Soares,844 Bluestem Hill,442,2736
Willard,31051 Brentwood Center,443,1215
Dando,10 Roxbury Alley,444,1114
Worsham,7996 Everett Park,445,2526
Markson,928 Pine View Plaza,446,1260
Kyngdon,6 Hayes Center,447,2261
Blything,440 Forest Dale Plaza,448,2254
Kerwick,66 Ridge Oak Park,449,2362
Rugge,95265 Starling Place,450,2767
Jenner,77 Calypso Lane,451,2137
Gossage,468 Russell Point,452,2315
Lethlay,3764 Sauthoff Circle,453,2339
MacPharlain,0058 Sauthoff Lane,454,1346
Dibbe,2169 Grasskamp Alley,455,2041
Engelbrecht,1 Bartelt Center,456,2937
Longshaw,567 Novick Alley,457,2482
Tocknell,87872 Fulton Trail,458,2591
Thunders,0 Warbler Center,459,2970
William,959 Service Place,460,1655
Ledram,0854 Sutteridge Terrace,461,1015
Baert,41 Talisman Junction,462,1094
MacAllester,88 David Park,463,2626
Lebond,9 Dunning Court,464,2259
Sammon,64283 Elka Alley,465,2022
Tansly,0427 Northview Drive,466,2338
Devereux,02729 Sutteridge Parkway,467,1546
O'Donegan,2301 Hintze Parkway,468,1032
Duck,17 6th Center,469,2214
Humberston,0129 Fremont Crossing,470,1610
Turfs,497 Cardinal Plaza,471,1794
Okenden,5 Buhler Pass,472,2473
Logesdale,899 Mcguire Road,473,1562
Muge,21 Eastlawn Place,474,1423
Delaney,91907 Reindahl Center,475,2003
Swede,28056 Ruskin Street,476,2310
Vanyutin,594 Memorial Pass,477,1720
Poat,3128 Ramsey Hill,478,1477
Pohl,63 Monument Avenue,479,2173
Rens,09225 Oak Valley Lane,480,1402
O'Curran,9 Porter Way,481,1921
Blackall,62 Porter Point,482,1708
O'Luney,5 Nancy Avenue,483,2247
Megroff,977 Sloan Circle,484,1284
Bettanay,098 Armistice Way,485,1811
Beckham,4 Hanover Crossing,486,1920
Flucker,76136 Warbler Center,487,1472
Wagerfield,3394 Tomscot Junction,488,2054
Carruth,75 Sommers Alley,489,2409
Francombe,7 Moose Road,490,1822
Coslitt,48008 Calypso Junction,491,1662
Spurrior,773 Lighthouse Bay Junction,492,1452
de Pinna,8926 Lighthouse Bay Terrace,493,1593
Chark,40846 Kinsman Road,494,1501
Jovanovic,74388 Delaware Crossing,495,1345
Pullen,3 Beilfuss Drive,496,2362
Meers,2033 Monument Crossing,497,1061
Whaley,9693 Colorado Plaza,498,1913
Ramshay,284 Canary Circle,499,2157
Haruard,9905 Farmco Circle,500,1272
